domain,url
105tharmoury.com.au,https://105tharmoury.com.au
2scollects.com.au,https://2scollects.com.au
88gamesarena.com.au,https://88gamesarena.com.au
acecollectibles.com.au,https://acecollectibles.com.au
akicards.com.au,https://akicards.com.au
alfystoys.com.au,https://alfystoys.com.au
allstarcomics.com.au,https://allstarcomics.com.au
alscardshop.com.au,https://alscardshop.com.au
alternateworlds.com.au,https://alternateworlds.com.au
amazingfigures.com.au,https://amazingfigures.com.au
anime-oz.com,https://anime-oz.com
arcaderewind.com.au,https://arcaderewind.com.au
arcadesaustralia.com,https://arcadesaustralia.com
archangelcollectables.com.au,https://archangelcollectables.com.au
area52.com.au,https://area52.com.au
area52hobart.com.au,https://area52hobart.com.au
arkhaven.com.au,https://arkhaven.com.au
aupokemonandcollectibles.com,https://aupokemonandcollectibles.com
aussiehobbies.com.au,https://aussiehobbies.com.au
back2base-ix.com,https://back2base-ix.com
bazingacards.com,https://bazingacards.com
beachestcg.com.au,https://beachestcg.com.au
beholdgames.com.au,https://beholdgames.com.au
berkztcg.com.au,https://berkztcg.com.au
beskarforge.com.au,https://beskarforge.com.au
bestmancave.com.au,https://bestmancave.com.au
beyondgamesandhobby.com.au,https://beyondgamesandhobby.com.au
bigbosscollectables.com.au,https://bigbosscollectables.com.au
blackandwhitecollectibles.com.au,https://blackandwhitecollectibles.com.au
blacklistcards.com,https://blacklistcards.com
boardgamegoblin.com.au,https://boardgamegoblin.com.au
boomerangcollectables.com,https://boomerangcollectables.com
boredapefc.com.au,https://boredapefc.com.au
bossboardgames.com,https://bossboardgames.com
brainspice.com.au,https://brainspice.com.au
brutaldeluxe.com.au,https://brutaldeluxe.com.au
card-riot.com,https://card-riot.com
cardagain.net,https://cardagain.net
cardboardcafe.com.au,https://cardboardcafe.com.au
cardbot.com.au,https://cardbot.com.au
cardhouse.com.au,https://cardhouse.com.au
cardkonbini.com.au,https://cardkonbini.com.au
cardtastic.com.au,https://cardtastic.com.au
cardtradersaustralia.com.au,https://cardtradersaustralia.com.au
centurioncollectables.com,https://centurioncollectables.com
chaoticfactory.com.au,https://chaoticfactory.com.au
charlesstreetplaza.com.au,https://charlesstreetplaza.com.au
cherrycollectables.com.au,https://cherrycollectables.com.au
chromaticgames.com.au,https://chromaticgames.com.au
chumpchangevideogames.com.au,https://chumpchangevideogames.com.au
collectableloot.com.au,https://collectableloot.com.au
collectermon.com,https://collectermon.com
collectiblemadness.com.au,https://collectiblemadness.com.au
collectorchicks.com.au,https://collectorchicks.com.au
collectors-space.shop,https://collectors-space.shop
collectorsedgecomics.com.au,https://collectorsedgecomics.com.au
collectorsquest.com.au,https://collectorsquest.com.au
collectorstreasure.com.au,https://collectorstreasure.com.au
collectorzone.com.au,https://collectorzone.com.au
countlesscards.com,https://countlesscards.com
crazyhobbies.com.au,https://crazyhobbies.com.au
crithit.com.au,https://crithit.com.au
criticalhit.com.au,https://criticalhit.com.au
ctcgames.com.au,https://ctcgames.com.au
cwtabletopgames.com.au,https://cwtabletopgames.com.au
cxcollectables.com.au,https://cxcollectables.com.au
darkwolfcollectibles.com.au,https://darkwolfcollectibles.com.au
deckadice.com.au,https://deckadice.com.au
deckedoutgaming.com,https://deckedoutgaming.com
deescomics.com.au,https://deescomics.com.au
devittcollectables.com,https://devittcollectables.com
diablosvault.com.au,https://diablosvault.com.au
dicearcade.com.au,https://dicearcade.com.au
dicecollectables.com,https://dicecollectables.com
diceinn.com,https://diceinn.com
diggaztradingcards.com.au,https://diggaztradingcards.com.au
dorkydesires.com.au,https://dorkydesires.com.au
dungeonofmagic.com.au,https://dungeonofmagic.com.au
eastsidecollectables.com.au,https://eastsidecollectables.com.au
ebgames.com.au,https://ebgames.com.au
eetcg.com.au,https://eetcg.com.au
ejcards.com.au,https://ejcards.com.au
elementalarcade.com.au,https://elementalarcade.com.au
epicipswich.com.au,https://epicipswich.com.au
eurekacoins.com.au,https://eurekacoins.com.au
eurekamin.com.au,https://eurekamin.com.au
fastbreakcollectables.com.au,https://fastbreakcollectables.com.au
firstgames.com.au,https://firstgames.com.au
flukeandbox.com,https://flukeandbox.com
fortunacollectibles.com.au,https://fortunacollectibles.com.au
frenlybricks.store,https://frenlybricks.store
fromthedeepgames.com.au,https://fromthedeepgames.com.au
funnylab.com.au,https://funnylab.com.au
gachagacha.com.au,https://gachagacha.com.au
gamedimensions.com.au,https://gamedimensions.com.au
gamegarage.com.au,https://gamegarage.com.au
gamelobby.zone,https://gamelobby.zone
gameology.com.au,https://gameology.com.au
gamers-village.com.au,https://gamers-village.com.au
gamerscombined.com.au,https://gamerscombined.com.au
gamersroom.com.au,https://gamersroom.com.au
gamesandgifts.com.au,https://gamesandgifts.com.au
gamesandthings.com.au,https://gamesandthings.com.au
gamesarcadia.com.au,https://gamesarcadia.com.au
gameschain.com.au,https://gameschain.com.au
gamesempire.com.au,https://gamesempire.com.au
gamesinfinity.com.au,https://gamesinfinity.com.au
gameslaboratory.com.au,https://gameslaboratory.com.au
gamesmen.com.au,https://gamesmen.com.au
gamesnmore.com.au,https://gamesnmore.com.au
gamesparadise.com.au,https://gamesparadise.com.au
gamesportal.com.au,https://gamesportal.com.au
gamesworld.com.au,https://gamesworld.com.au
gamesworldbrisbane.com.au,https://gamesworldbrisbane.com.au
gamesworldsa.com.au,https://gamesworldsa.com.au
gametraders.com.au,https://gametraders.com.au
gametraderschermside.com.au,https://gametraderschermside.com.au
gametradersinglefarm.com.au,https://gametradersinglefarm.com.au
gametradersrousehill.com.au,https://gametradersrousehill.com.au
gametradersseaford.com.au,https://gametradersseaford.com.au
gametraderssouthpoint.com.au,https://gametraderssouthpoint.com.au
gamezknight.com.au,https://gamezknight.com.au
gaminggrounds.com.au,https://gaminggrounds.com.au
gapgames.com.au,https://gapgames.com.au
gdgames.com.au,https://gdgames.com.au
generalgames.com.au,https://generalgames.com.au
ggadelaide.com.au,https://ggadelaide.com.au
ggmodbury.com.au,https://ggmodbury.com.au
gimko.com.au,https://gimko.com.au
goldfieldsgames.com.au,https://goldfieldsgames.com.au
goodgames.com.au,https://goodgames.com.au
goodgamescannington.com.au,https://goodgamescannington.com.au
goodgamesmorley.com.au,https://goodgamesmorley.com.au
goodgamesnorth.com.au,https://goodgamesnorth.com.au
grandjgames.com,https://grandjgames.com
grindzonetcg.com,https://grindzonetcg.com
groovycollectables.com.au,https://groovycollectables.com.au
guf.com.au,https://guf.com.au
hbtcollectables.com,https://hbtcollectables.com
hereticshaven.com.au,https://hereticshaven.com.au
herostash.com.au,https://herostash.com.au
hitdragons.com,https://hitdragons.com
hobbybastion.com,https://hobbybastion.com
hobbyco.com.au,https://hobbyco.com.au/pages/locations
hobbycollectorsaustralia.com.au,https://hobbycollectorsaustralia.com.au
hobbykitz.com.au,https://hobbykitz.com.au
hobbyrama.com.au,https://hobbyrama.com.au
hobbytechtoys.com.au,https://hobbytechtoys.com.au
hoganshobbies.com.au,https://hoganshobbies.com.au
horizontradingcards.com,https://horizontradingcards.com
houseofcardsnco.com.au,https://houseofcardsnco.com.au
houseofwar.com.au,https://houseofwar.com.au
hrgames.au,https://hrgames.au
iconsofsport.com.au,https://iconsofsport.com.au
impactgames.com.au,https://impactgames.com.au
inngames.com.au,https://inngames.com.au
inresponse.com.au,https://inresponse.com.au
irresistibleforce.com.au,https://irresistibleforce.com.au
jigsawstore.com.au,https://jigsawstore.com.au
jjcollectibles.com.au,https://jjcollectibles.com.au
jojoshobbyhouse.com.au,https://jojoshobbyhouse.com.au
jtoys.com.au,https://jtoys.com.au
justcardstuff.com.au,https://justcardstuff.com.au
justdabestcards.com,https://justdabestcards.com
kadomart.com.au,https://kadomart.com.au
kaika.com.au,https://kaika.com.au
kandkcreativetoys.com.au,https://kandkcreativetoys.com.au
kawaiicollector.com.au,https://kawaiicollector.com.au
kidnplay.au,https://kidnplay.au
kidstuff.com.au,https://kidstuff.com.au
kingscomics.com,https://kingscomics.com
kollecter.com.au,https://kollecter.com.au
leeburnie.com.au,https://leeburnie.com.au
legendsandcollectables.com,https://legendsandcollectables.com
leogames.com.au,https://leogames.com.au
letsplaygames.com.au,https://letsplaygames.com.au
lfg-aus.com.au,https://lfg-aus.com.au
lightofcards.com.au,https://lightofcards.com.au
lionsdencollectibles.com.au,https://lionsdencollectibles.com.au
localcardshop.com.au,https://localcardshop.com.au
lootgoblincollectables.com,https://lootgoblincollectables.com
lunacards.com.au,https://lunacards.com.au
lynehambrainspace.com.au,https://lynehambrainspace.com.au
m-g.com.au,https://m-g.com.au
magiccards.com.au,https://magiccards.com.au
magnorailoz.com.au,https://magnorailoz.com.au
manamarket.com.au,https://manamarket.com.au
manchildcollectables.com,https://manchildcollectables.com
mashobbies.com.au,https://mashobbies.com.au
mastercoins.com.au,https://mastercoins.com.au
maverickscollectables.com.au,https://maverickscollectables.com.au
mayhemcollectables.com.au,https://mayhemcollectables.com.au
mcollectibles.com.au,https://mcollectibles.com.au
megaculture.com.au,https://megaculture.com.au
megagames.com.au,https://megagames.com.au
metrohobbies.com.au,https://metrohobbies.com.au
midiangaming.com.au,https://midiangaming.com.au
mightycollectibles.com.au,https://mightycollectibles.com.au
mightytoys.com.au,https://mightytoys.com.au
militaryhobbies.com.au,https://militaryhobbies.com.au
millenniumcomics.com.au,https://millenniumcomics.com.au
milsims.com.au,https://milsims.com.au
mindgamesbrisbane.com,https://mindgamesbrisbane.com
mindgamesburnie.com,https://mindgamesburnie.com
mindgamesmelbourne.com,https://mindgamesmelbourne.com
miniaturecollectables.au,https://miniaturecollectables.au
minotaur.com.au,https://minotaur.com.au
mintcollectables.com.au,https://mintcollectables.com.au
mistyscollectables.com.au,https://mistyscollectables.com.au
morethanmeeples.com.au,https://morethanmeeples.com.au
mrcplaza.com.au,https://mrcplaza.com.au
mrtoys.com.au,https://mrtoys.com.au/stores/aspley
mtgmate.com.au,https://mtgmate.com.au
mtgsinglesaustralia.com,https://mtgsinglesaustralia.com
nerdalertcollectables.com.au,https://nerdalertcollectables.com.au
njcollectables.com.au,https://njcollectables.com.au
northernbeachespokemon.com.au,https://northernbeachespokemon.com.au
northernboards.com.au,https://northernboards.com.au
nowservinggames.com.au,https://nowservinggames.com.au
obsessiongaming.com.au,https://obsessiongaming.com.au
odysseytcg.com.au,https://odysseytcg.com.au
olympiangames.com.au,https://olympiangames.com.au
omegagames.com.au,https://omegagames.com.au
ommeh.com.au,https://ommeh.com.au
omnicollectables.com.au,https://omnicollectables.com.au
oneplacetcs.com.au,https://oneplacetcs.com.au
onestoppokeshop.com.au,https://onestoppokeshop.com.au
onlinecoinsandcollectables.com.au,https://onlinecoinsandcollectables.com.au
our-wonderland-emporium.com.au,https://our-wonderland-emporium.com.au
overhauledgames.com.au,https://overhauledgames.com.au
ozcardiecastandcollectables.com.au,https://ozcardiecastandcollectables.com.au
ozziecollectables.com,https://ozziecollectables.com
ozziecollectables.com.au,https://ozziecollectables.com.au
pacifictcgstore.com,https://pacifictcgstore.com
packmancollectables.com.au,https://packmancollectables.com.au
packparadise.com.au,https://packparadise.com.au
pacscollectables.com,https://pacscollectables.com
panoshplace.com.au,https://panoshplace.com.au
papershop.com.au,https://papershop.com.au
pittgames.com.au,https://pittgames.com.au
plentyofgames.com.au,https://plentyofgames.com.au
pocketgames.com.au,https://pocketgames.com.au
pokebox.com.au,https://pokebox.com.au
pokemoncards.com.au,https://pokemoncards.com.au
poketag.com.au,https://poketag.com.au
pokidoll.com.au,https://pokidoll.com.au
popcultcha.com.au,https://popcultcha.com.au
popculturelarrikin.com,https://popculturelarrikin.com
popincollectables.com.au,https://popincollectables.com.au
poppyshop.com.au,https://poppyshop.com.au
presentsofmind.com.au,https://presentsofmind.com.au
prismaticgamecollections.com,https://prismaticgamecollections.com
progamers.com.au,https://progamers.com.au
prohobbies.com.au,https://prohobbies.com.au
purplishtcg.com,https://purplishtcg.com
qpcollectables.com.au,https://qpcollectables.com.au
qualitycomics.com.au,https://qualitycomics.com.au
rabblebooksandgames.com.au,https://rabblebooksandgames.com.au
raptorgames.com,https://raptorgames.com
rccrewhobbies.com.au,https://rccrewhobbies.com.au
reefsidegames.com.au,https://reefsidegames.com.au
relicgames.au,https://relicgames.au
reposwitch.com.au,https://reposwitch.com.au
rgvcollectables.com.au,https://rgvcollectables.com.au
rhysticnostalgiagaming.com.au,https://rhysticnostalgiagaming.com.au
ricecollects.com.au,https://ricecollects.com.au
rngwarrnambool.com.au,https://rngwarrnambool.com.au
rnrhobbies.com.au,https://rnrhobbies.com.au
rollofthedice.com.au,https://rollofthedice.com.au
romam.com.au,https://romam.com.au
roningames.com.au,https://roningames.com.au
rpgreliquary.com,https://rpgreliquary.com
sagegaming.com.au,https://sagegaming.com.au
savvytrainertcg.com,https://savvytrainertcg.com
sbgames.com.au,https://sbgames.com.au
shintokyo.com.au,https://shintokyo.com.au
shop.goodgames.com.au,https://shop.goodgames.com.au
shuffled.com.au,https://shuffled.com.au
sikhobbieswa.com.au,https://sikhobbieswa.com.au
sjay2k.com,https://sjay2k.com
slawcollectables.com,https://slawcollectables.com
solarquester.com,https://solarquester.com
sovereigncards.com.au,https://sovereigncards.com.au
spawnpointgames.com.au,https://spawnpointgames.com.au
spellroogaming.com.au,https://spellroogaming.com.au
sportscardsandaccessories.com.au,https://sportscardsandaccessories.com.au
sportscardworld.com.au,https://sportscardworld.com.au
stealthybeggar.com,https://stealthybeggar.com
stmarys.dragons-lair.com.au,https://stmarys.dragons-lair.com.au
stonemonkey.com.au,https://stonemonkey.com.au
sunshinec.com.au,https://sunshinec.com.au
swapitt.com.au,https://swapitt.com.au
sydneyboardandcardgames.com.au,https://sydneyboardandcardgames.com.au
t3games.com.au,https://t3games.com.au
tabernaclegames.com.au,https://tabernaclegames.com.au
tabletopempires.com.au,https://tabletopempires.com.au
tabletopfreo.com,https://tabletopfreo.com
tabletopgames.com.au,https://tabletopgames.com.au
tabletopgaminghub.com.au,https://tabletopgaminghub.com.au
tabletopwarfare.com.au,https://tabletopwarfare.com.au
tactics.net.au,https://tactics.net.au
tagcollectibles.com.au,https://tagcollectibles.com.au
tcg.goodgames.com.au,https://tcg.goodgames.com.au
tcg.tabernaclegames.com.au,https://tcg.tabernaclegames.com.au
tcgroupau.com.au,https://tcgroupau.com.au
techzonegeelong.com,https://techzonegeelong.com
tempestcollectables.com,https://tempestcollectables.com
terrificscientific.com.au,https://terrificscientific.com.au
tezzasgames.com,https://tezzasgames.com
theadventurersguild.com.au,https://theadventurersguild.com.au
thealienhive.com.au,https://thealienhive.com.au
thecardcave.com.au,https://thecardcave.com.au
thecardhubaustralia.com.au,https://thecardhubaustralia.com.au
thecardspot.com.au,https://thecardspot.com.au
thecollectivist.store,https://thecollectivist.store
thecollectorsmith.com.au,https://thecollectorsmith.com.au
thecombatcompany.com.au,https://thecombatcompany.com.au
thefinalbosscollectables.com.au,https://thefinalbosscollectables.com.au
thegameexperts.com.au,https://thegameexperts.com.au
thegamescorner.com.au,https://thegamescorner.com.au
thegamescube.com,https://thegamescube.com
thegamescube.com.au,https://thegamescube.com.au
thegamesdistrict.com,https://thegamesdistrict.com
thegamesshop.com.au,https://thegamesshop.com.au
thegamingarena.com.au,https://thegamingarena.com.au
thegamingverse.com.au,https://thegamingverse.com.au
thehallofheroes.com.au,https://thehallofheroes.com.au
thehobby.com.au,https://thehobby.com.au
thekavecollection.com,https://thekavecollection.com
thelostdice.com,https://thelostdice.com
thepokemontrainer.com,https://thepokemontrainer.com
thetoystation.com.au,https://thetoystation.com.au
thewanderingcollector.com.au,https://thewanderingcollector.com.au
thewartable.com.au,https://thewartable.com.au
thewickedgoblin.com,https://thewickedgoblin.com
throwthedice.com.au,https://throwthedice.com.au
tinytreasuresdenmark.com,https://tinytreasuresdenmark.com
titanpopculture.com.au,https://titanpopculture.com.au
toneaus.com.au,https://toneaus.com.au
toottoottoys.com.au,https://toottoottoys.com.au
topdeckgames.com.au,https://topdeckgames.com.au
topdeckgaming.com.au,https://topdeckgaming.com.au
totallytoys.com.au,https://totallytoys.com.au
totaltabletop.com,https://totaltabletop.com
toyboxtales.com.au,https://toyboxtales.com.au
toymate.com.au,https://toymate.com.au
toysoldiers.com.au,https://toysoldiers.com.au
toywiz.com.au,https://toywiz.com.au
toyworld.com.au,https://toyworld.com.au
toyworldwarrnambool.com.au,https://toyworldwarrnambool.com.au
tradingcardmasters.com.au,https://tradingcardmasters.com.au
trainertown.com.au,https://trainertown.com.au
tridentcollectables.com.au,https://tridentcollectables.com.au
trollaustralia.com.au,https://trollaustralia.com.au
trollaustraliamelb.com.au,https://trollaustraliamelb.com.au
turnordergames.com,https://turnordergames.com
ugames.com.au,https://ugames.com.au
undergroundgamesbh.com.au,https://undergroundgamesbh.com.au
unpluggedgames.com.au,https://unpluggedgames.com.au
urbanempirecollectables.com,https://urbanempirecollectables.com
vanguardsingle.com.au,https://vanguardsingle.com.au
vault-collectables.com,https://vault-collectables.com
vaultgames.com.au,https://vaultgames.com.au
vrinat.com.au,https://vrinat.com.au
wargamershub.com.au,https://wargamershub.com.au
wargameswarehouse.store,https://wargameswarehouse.store
wargamingagency.com,https://wargamingagency.com
warhold.com.au,https://warhold.com.au
westozcards.com.au,https://westozcards.com.au
whitedwarfbooks.com,https://whitedwarfbooks.com
whosonfirst.com.au,https://whosonfirst.com.au
wiggostcgandcollectibles.com,https://wiggostcgandcollectibles.com
wonderlandgames.com.au,https://wonderlandgames.com.au
worthycollectables.com.au,https://worthycollectables.com.au
zencollective.co,https://zencollective.co
zingpopculture.com.au,https://zingpopculture.com.au
